player,team,macth_up,game_date,w_l,min,pts,fgm,fga,fg_p,pm_3,pa_3,p_3,ftm,fta,ft+p,oreb,dreb,reb,ast,stl,blk,tov,pf,plus_min
ALYSSA THOMAS,CON,CON vs. LVA,9/18/22,L,40,11,5,9,55.6,0,0,0,1,2,50,4,6,10,11,2,2,4,1,-7
DEARICA HAMBY,LVA,LVA @ CON,9/18/22,W,3,0,0,0,0,0,0,0,0,0,0,0,0,0,0,0,0,1,0,-3
ODYSSEY SIMS,CON,CON vs. LVA,9/18/22,L,3,1,0,1,0,0,0,0,1,2,50,0,0,0,0,0,0,1,0,1
DIJONAI CARRINGTON,CON,CON vs. LVA,9/18/22,L,9,0,0,2,0,0,1,0,0,0,0,0,1,1,1,0,0,2,1,-3
KIAH STOKES,LVA,LVA @ CON,9/18/22,W,27,2,1,1,100,0,0,0,0,0,0,1,4,5,0,1,0,1,3,2
BRIONNA JONES,CON,CON vs. LVA,9/18/22,L,18,11,4,6,66.7,0,0,0,3,4,75,0,0,0,1,0,0,3,3,-1
NATISHA HIEDEMAN,CON,CON vs. LVA,9/18/22,L,29,6,1,8,12.5,1,4,25,3,4,75,1,0,1,3,1,0,0,1,-10
DEWANNA BONNER,CON,CON vs. LVA,9/18/22,L,36,12,4,11,36.4,1,3,33.3,3,3,100,0,8,8,2,1,0,2,5,-5
RIQUNA WILLIAMS,LVA,LVA @ CON,9/18/22,W,22,17,6,11,54.5,5,9,55.6,0,0,0,0,2,2,0,2,0,1,2,8
KELSEY PLUM,LVA,LVA @ CON,9/18/22,W,33,15,5,12,41.7,3,7,42.9,2,2,100,0,1,1,3,3,0,5,2,13
JONQUEL JONES,CON,CON vs. LVA,9/18/22,L,29,13,5,8,62.5,2,2,100,1,1,100,3,5,8,0,1,2,1,4,-4
JACKIE YOUNG,LVA,LVA @ CON,9/18/22,W,37,13,4,14,28.6,0,6,0,5,6,83.3,1,4,5,8,2,0,1,2,5
COURTNEY WILLIAMS,CON,CON vs. LVA,9/18/22,L,36,17,7,18,38.9,2,3,66.7,1,2,50,1,5,6,1,2,1,2,3,-6
A'JA WILSON,LVA,LVA @ CON,9/18/22,W,40,11,4,13,30.8,0,1,0,3,6,50,2,12,14,1,2,2,1,2,7
CHELSEA GRAY,LVA,LVA @ CON,9/18/22,W,37,20,9,13,69.2,2,3,66.7,0,0,0,0,5,5,6,1,1,2,3,3
JOYNER HOLMES,CON,CON vs. LVA,9/15/22,W,3,2,0,0,0,0,0,0,2,2,100,1,1,2,0,1,0,0,0,6
ODYSSEY SIMS,CON,CON vs. LVA,9/15/22,W,7,4,2,3,66.7,0,0,0,0,0,0,0,1,1,0,0,0,0,0,2
THERESA PLAISANCE,LVA,LVA @ CON,9/15/22,L,4,0,0,2,0,0,2,0,0,0,0,0,2,2,0,0,1,0,1,-11
RIQUNA WILLIAMS,LVA,LVA @ CON,9/15/22,L,12,3,1,3,33.3,1,3,33.3,0,0,0,0,0,0,0,0,0,1,1,-29
DEARICA HAMBY,LVA,LVA @ CON,9/15/22,L,12,2,1,1,100,0,0,0,0,2,0,0,0,0,1,0,0,1,1,-17
ILIANA RUPERT,LVA,LVA @ CON,9/15/22,L,4,0,0,2,0,0,1,0,0,0,0,0,0,0,0,0,1,0,0,-11
SYDNEY COLSON,LVA,LVA @ CON,9/15/22,L,4,0,0,1,0,0,0,0,0,0,0,0,1,1,0,0,0,1,0,-11
KIERSTAN BELL,LVA,LVA @ CON,9/15/22,L,4,0,0,0,0,0,0,0,0,0,0,0,0,0,0,0,0,0,0,-11
NIA CLOUDEN,CON,CON vs. LVA,9/15/22,W,3,0,0,1,0,0,0,0,0,0,0,0,0,0,0,0,0,0,0,6
AISHA SHEPPARD,LVA,LVA @ CON,9/15/22,L,4,0,0,1,0,0,1,0,0,0,0,0,0,0,0,0,0,2,1,-11
ALYSSA THOMAS,CON,CON vs. LVA,9/15/22,W,34,16,8,14,57.1,0,0,0,0,1,0,3,12,15,11,2,1,3,3,22
KIAH STOKES,LVA,LVA @ CON,9/15/22,L,24,2,1,2,50,0,0,0,0,0,0,1,6,7,0,0,2,0,3,-1
BRIONNA JONES,CON,CON vs. LVA,9/15/22,W,20,8,4,8,50,0,0,0,0,0,0,0,3,3,1,1,0,1,2,8
DIJONAI CARRINGTON,CON,CON vs. LVA,9/15/22,W,12,12,3,7,42.9,1,2,50,5,5,100,0,0,0,0,2,0,0,1,11
COURTNEY WILLIAMS,CON,CON vs. LVA,9/15/22,W,28,11,5,10,50,1,3,33.3,0,0,0,0,3,3,2,1,1,1,5,18
CHELSEA GRAY,LVA,LVA @ CON,9/15/22,L,33,11,4,7,57.1,3,4,75,0,0,0,0,2,2,7,1,0,4,0,-7
JONQUEL JONES,CON,CON vs. LVA,9/15/22,W,25,20,8,12,66.7,1,1,100,3,3,100,3,2,5,4,0,0,0,4,16
KELSEY PLUM,LVA,LVA @ CON,9/15/22,L,31,17,5,12,41.7,2,4,50,5,5,100,1,5,6,6,0,0,3,1,-11
JACKIE YOUNG,LVA,LVA @ CON,9/15/22,L,31,22,7,15,46.7,5,10,50,3,3,100,0,2,2,2,0,0,2,3,-7
NATISHA HIEDEMAN,CON,CON vs. LVA,9/15/22,W,34,14,5,7,71.4,3,3,100,1,2,50,0,3,3,9,1,0,2,2,32
DEWANNA BONNER,CON,CON vs. LVA,9/15/22,W,34,18,8,15,53.3,2,6,33.3,0,0,0,3,3,6,5,2,0,2,1,24
A'JA WILSON,LVA,LVA @ CON,9/15/22,L,36,19,8,14,57.1,0,1,0,3,5,60,1,3,4,3,2,3,0,1,-18
ODYSSEY SIMS,CON,CON @ LVA,9/13/22,L,9,3,1,3,33.3,1,2,50,0,0,0,0,1,1,1,0,0,0,1,-9
NIA CLOUDEN,CON,CON @ LVA,9/13/22,L,5,4,1,3,33.3,1,2,50,1,1,100,0,0,0,0,0,0,0,2,1
ILIANA RUPERT,LVA,LVA vs. CON,9/13/22,W,1,3,1,1,100,1,1,100,0,0,0,0,0,0,0,0,0,0,1,1
DIJONAI CARRINGTON,CON,CON @ LVA,9/13/22,L,13,3,0,4,0,0,1,0,3,4,75,0,1,1,0,0,0,0,2,-10
NATISHA HIEDEMAN,CON,CON @ LVA,9/13/22,L,15,0,0,3,0,0,1,0,0,0,0,0,1,1,1,1,0,1,0,-2
THERESA PLAISANCE,LVA,LVA vs. CON,9/13/22,W,2,0,0,0,0,0,0,0,0,0,0,0,0,0,0,0,1,0,1,-6
AISHA SHEPPARD,LVA,LVA vs. CON,9/13/22,W,1,0,0,0,0,0,0,0,0,0,0,0,0,0,1,0,0,0,0,1
KIERSTAN BELL,LVA,LVA vs. CON,9/13/22,W,2,0,0,1,0,0,1,0,0,0,0,0,1,1,0,0,0,0,0,-6
JOYNER HOLMES,CON,CON @ LVA,9/13/22,L,3,0,0,1,0,0,0,0,0,0,0,0,1,1,0,0,0,0,0,4
SYDNEY COLSON,LVA,LVA vs. CON,9/13/22,W,2,0,0,1,0,0,0,0,0,0,0,0,0,0,0,0,0,0,0,-6
CHELSEA GRAY,LVA,LVA vs. CON,9/13/22,W,32,21,9,16,56.3,2,6,33.3,1,2,50,0,3,3,8,3,0,4,2,13
A'JA WILSON,LVA,LVA vs. CON,9/13/22,W,37,26,10,13,76.9,0,1,0,6,8,75,0,10,10,0,0,1,0,1,18
KELSEY PLUM,LVA,LVA vs. CON,9/13/22,W,35,20,7,13,53.8,1,6,16.7,5,5,100,1,2,3,7,1,0,1,2,14
JONQUEL JONES,CON,CON @ LVA,9/13/22,L,30,16,6,11,54.5,1,3,33.3,3,4,75,2,9,11,3,0,0,4,1,-10
BRIONNA JONES,CON,CON @ LVA,9/13/22,L,26,12,3,4,75,0,0,0,6,10,60,1,6,7,3,3,0,2,3,-8
COURTNEY WILLIAMS,CON,CON @ LVA,9/13/22,L,33,18,9,17,52.9,0,2,0,0,0,0,1,1,2,5,0,1,0,2,-9
ALYSSA THOMAS,CON,CON @ LVA,9/13/22,L,34,13,6,9,66.7,0,0,0,1,2,50,1,2,3,4,2,0,1,4,-12
JACKIE YOUNG,LVA,LVA vs. CON,9/13/22,W,31,5,2,6,33.3,1,3,33.3,0,0,0,0,6,6,2,0,0,2,2,16
DEWANNA BONNER,CON,CON @ LVA,9/13/22,L,32,2,1,9,11.1,0,3,0,0,0,0,1,6,7,2,0,1,0,1,-15
DEARICA HAMBY,LVA,LVA vs. CON,9/13/22,W,18,3,1,3,33.3,0,1,0,1,2,50,0,4,4,2,0,1,0,3,16
KIAH STOKES,LVA,LVA vs. CON,9/13/22,W,22,2,1,2,50,0,0,0,0,0,0,1,5,6,1,0,1,0,2,-3
RIQUNA WILLIAMS,LVA,LVA vs. CON,9/13/22,W,17,5,2,8,25,1,7,14.3,0,0,0,0,1,1,0,1,0,0,0,12
A'JA WILSON,LVA,LVA vs. CON,9/11/22,W,38,24,6,11,54.5,0,2,0,12,14,85.7,2,9,11,0,2,4,2,3,7
ILIANA RUPERT,LVA,LVA vs. CON,9/11/22,W,5,0,0,1,0,0,1,0,0,0,0,0,1,1,0,0,0,0,0,-7
ODYSSEY SIMS,CON,CON @ LVA,9/11/22,L,11,0,0,3,0,0,0,0,0,0,0,0,2,2,1,0,0,1,1,-3
RIQUNA WILLIAMS,LVA,LVA vs. CON,9/11/22,W,18,3,1,6,16.7,1,4,25,0,0,0,0,0,0,0,0,0,0,1,1
DIJONAI CARRINGTON,CON,CON @ LVA,9/11/22,L,10,0,0,3,0,0,1,0,0,0,0,0,5,5,2,0,0,1,0,5
DEARICA HAMBY,LVA,LVA vs. CON,9/11/22,W,11,2,1,1,100,0,0,0,0,0,0,2,1,3,2,1,0,0,0,7
KIAH STOKES,LVA,LVA vs. CON,9/11/22,W,26,0,0,1,0,0,0,0,0,0,0,2,7,9,0,0,0,1,2,-1
COURTNEY WILLIAMS,CON,CON @ LVA,9/11/22,L,36,5,2,9,22.2,1,2,50,0,0,0,0,3,3,0,1,0,2,4,1
KELSEY PLUM,LVA,LVA vs. CON,9/11/22,W,32,6,1,9,11.1,1,7,14.3,3,4,75,0,4,4,2,0,0,0,1,0
BRIONNA JONES,CON,CON @ LVA,9/11/22,L,17,12,6,11,54.5,0,0,0,0,0,0,0,1,1,0,1,0,0,1,4
JACKIE YOUNG,LVA,LVA vs. CON,9/11/22,W,36,11,5,12,41.7,1,3,33.3,0,0,0,0,3,3,1,0,0,1,1,1
DEWANNA BONNER,CON,CON @ LVA,9/11/22,L,30,3,1,9,11.1,1,5,20,0,0,0,0,3,3,5,2,0,1,1,-8
NATISHA HIEDEMAN,CON,CON @ LVA,9/11/22,L,30,10,3,8,37.5,2,4,50,2,2,100,2,2,4,3,1,0,0,3,-2
CHELSEA GRAY,LVA,LVA vs. CON,9/11/22,W,35,21,9,17,52.9,2,7,28.6,1,1,100,0,2,2,3,0,0,6,2,7
JONQUEL JONES,CON,CON @ LVA,9/11/22,L,30,15,7,15,46.7,1,4,25,0,1,0,6,3,9,2,0,1,1,2,-2
ALYSSA THOMAS,CON,CON @ LVA,9/11/22,L,36,19,9,16,56.3,0,0,0,1,2,50,5,6,11,5,3,3,1,2,-10
KAHLEAH COPPER,CHI,CHI vs. CON,9/8/22,L,33,22,8,19,42.1,3,5,60,3,5,60,1,1,2,2,4,1,0,2,-9
JULIE ALLEMAND,CHI,CHI vs. CON,9/8/22,L,7,0,0,1,0,0,1,0,0,0,0,0,0,0,0,0,0,0,0,3
ODYSSEY SIMS,CON,CON @ CHI,9/8/22,W,7,0,0,0,0,0,0,0,0,0,0,0,0,0,1,0,0,2,1,-4
DIJONAI CARRINGTON,CON,CON @ CHI,9/8/22,W,11,2,1,3,33.3,0,0,0,0,0,0,0,2,2,0,0,0,2,1,-14
REBEKAH GARDNER,CHI,CHI vs. CON,9/8/22,L,15,2,1,2,50,0,0,0,0,0,0,0,1,1,1,0,0,1,2,1
BRIONNA JONES,CON,CON @ CHI,9/8/22,W,17,2,1,3,33.3,0,0,0,0,0,0,1,2,3,0,1,0,2,4,-13
AZURÁ STEVENS,CHI,CHI vs. CON,9/8/22,L,14,3,1,2,50,0,1,0,1,2,50,1,1,2,0,0,2,1,1,-4
ALLIE QUIGLEY,CHI,CHI vs. CON,9/8/22,L,32,3,1,12,8.3,0,6,0,1,2,50,0,8,8,7,2,0,1,3,-10
NATISHA HIEDEMAN,CON,CON @ CHI,9/8/22,W,33,14,6,12,50,1,3,33.3,1,1,100,1,2,3,4,0,1,1,5,13
COURTNEY VANDERSLOOT,CHI,CHI vs. CON,9/8/22,L,33,12,5,13,38.5,1,5,20,1,1,100,0,0,0,3,3,2,5,1,-12
EMMA MEESSEMAN,CHI,CHI vs. CON,9/8/22,L,33,14,6,14,42.9,2,4,50,0,0,0,4,2,6,2,1,1,1,3,-3
COURTNEY WILLIAMS,CON,CON @ CHI,9/8/22,W,31,12,6,9,66.7,0,0,0,0,0,0,2,4,6,5,1,2,3,1,20
ALYSSA THOMAS,CON,CON @ CHI,9/8/22,W,35,12,4,11,36.4,0,0,0,4,4,100,0,10,10,8,0,1,4,3,10
DEWANNA BONNER,CON,CON @ CHI,9/8/22,W,35,15,4,8,50,1,3,33.3,6,6,100,1,8,9,5,1,1,2,2,18
CANDACE PARKER,CHI,CHI vs. CON,9/8/22,L,33,7,2,7,28.6,2,3,66.7,1,2,50,1,8,9,3,3,4,4,3,-11
JONQUEL JONES,CON,CON @ CHI,9/8/22,W,31,15,5,13,38.5,0,2,0,5,5,100,1,9,10,2,2,2,7,2,15
GABBY WILLIAMS,SEA,SEA vs. LVA,9/6/22,L,24,8,3,6,50,0,2,0,2,3,66.7,3,3,6,2,1,0,0,1,-9
SUE BIRD,SEA,SEA vs. LVA,9/6/22,L,36,8,3,8,37.5,2,6,33.3,0,0,0,0,0,0,8,1,0,4,0,-4
KELSEY PLUM,LVA,LVA @ SEA,9/6/22,W,32,15,6,11,54.5,1,5,20,2,4,50,0,2,2,4,2,0,1,4,0
JACKIE YOUNG,LVA,LVA @ SEA,9/6/22,W,38,18,5,6,83.3,3,3,100,5,5,100,0,5,5,0,1,0,3,4,3
JEWELL LOYD,SEA,SEA vs. LVA,9/6/22,L,36,29,9,21,42.9,3,6,50,8,9,88.9,2,2,4,1,0,0,1,5,-2
A'JA WILSON,LVA,LVA @ SEA,9/6/22,W,40,23,8,15,53.3,0,1,0,7,8,87.5,2,11,13,2,1,3,2,4,5
CHELSEA GRAY,LVA,LVA @ SEA,9/6/22,W,36,31,13,22,59.1,4,8,50,1,2,50,0,6,6,10,1,0,3,3,7
DEWANNA BONNER,CON,CON vs. CHI,9/6/22,W,36,19,7,13,53.8,3,7,42.9,2,2,100,1,5,6,4,4,3,2,4,20
RUTHY HEBARD,CHI,CHI @ CON,9/6/22,L,5,0,0,2,0,0,0,0,0,0,0,0,0,0,1,0,0,1,0,-8
TINA CHARLES,SEA,SEA vs. LVA,9/6/22,L,23,2,1,7,14.3,0,1,0,0,2,0,2,7,9,2,1,1,1,3,-5
RIQUNA WILLIAMS,LVA,LVA @ SEA,9/6/22,W,25,6,2,6,33.3,2,4,50,0,0,0,0,1,1,3,2,0,0,0,8
STEPHANIE TALBOT,SEA,SEA vs. LVA,9/6/22,L,19,3,1,4,25,0,2,0,1,2,50,1,3,4,0,1,1,0,5,-1
KIAH STOKES,LVA,LVA @ SEA,9/6/22,W,24,4,2,4,50,0,1,0,0,0,0,3,3,6,0,0,0,0,4,2
EZI MAGBEGOR,SEA,SEA vs. LVA,9/6/22,L,10,0,0,2,0,0,0,0,0,0,0,1,2,3,1,1,0,0,0,4
BRIANN JANUARY,SEA,SEA vs. LVA,9/6/22,L,7,0,0,0,0,0,0,0,0,0,0,0,1,1,2,0,0,2,0,0
DEARICA HAMBY,LVA,LVA @ SEA,9/6/22,W,4,0,0,0,0,0,0,0,0,0,0,0,1,1,0,0,0,2,1,0
EPIPHANNY PRINCE,SEA,SEA vs. LVA,9/6/22,L,4,0,0,0,0,0,0,0,0,0,0,0,0,0,0,0,0,0,0,-3
BREANNA STEWART,SEA,SEA vs. LVA,9/6/22,L,40,42,14,22,63.6,6,8,75,8,10,80,2,5,7,2,1,3,1,2,-5
ALYSSA THOMAS,CON,CON vs. CHI,9/6/22,W,24,17,6,9,66.7,0,0,0,5,7,71.4,1,7,8,4,1,0,3,5,11
COURTNEY WILLIAMS,CON,CON vs. CHI,9/6/22,W,25,19,9,14,64.3,1,1,100,0,0,0,2,2,4,3,0,0,1,4,20
EMMA MEESSEMAN,CHI,CHI @ CON,9/6/22,L,32,14,7,11,63.6,0,1,0,0,0,0,0,2,2,6,2,0,0,1,-4
CANDACE PARKER,CHI,CHI @ CON,9/6/22,L,26,11,3,9,33.3,2,5,40,3,3,100,0,9,9,4,0,0,5,3,-12
DIJONAI CARRINGTON,CON,CON vs. CHI,9/6/22,W,20,12,5,8,62.5,1,2,50,1,1,100,0,3,3,0,3,1,1,1,8
JONQUEL JONES,CON,CON vs. CHI,9/6/22,W,28,9,4,10,40,1,3,33.3,0,1,0,2,5,7,5,0,0,2,4,21
REBEKAH GARDNER,CHI,CHI @ CON,9/6/22,L,23,3,1,8,12.5,0,2,0,1,2,50,3,2,5,4,3,1,1,3,-1
KAHLEAH COPPER,CHI,CHI @ CON,9/6/22,L,33,16,5,10,50,0,3,0,6,7,85.7,0,2,2,0,0,0,2,3,-17
BRIONNA JONES,CON,CON vs. CHI,9/6/22,W,21,11,4,7,57.1,0,0,0,3,4,75,3,3,6,1,0,0,2,2,7
NIA CLOUDEN,CON,CON vs. CHI,9/6/22,W,2,3,1,2,50,0,0,0,1,1,100,0,0,0,1,0,0,0,0,5
AZURÁ STEVENS,CHI,CHI @ CON,9/6/22,L,17,0,0,3,0,0,1,0,0,0,0,0,1,1,1,0,1,2,3,-24
JOYNER HOLMES,CON,CON vs. CHI,9/6/22,W,7,2,1,2,50,0,1,0,0,0,0,0,2,2,1,0,0,1,0,9
NATISHA HIEDEMAN,CON,CON vs. CHI,9/6/22,W,21,2,1,3,33.3,0,1,0,0,0,0,0,1,1,1,1,0,1,0,25
COURTNEY VANDERSLOOT,CHI,CHI @ CON,9/6/22,L,17,10,5,7,71.4,0,1,0,0,0,0,0,2,2,3,0,0,2,1,-13
ALLIE QUIGLEY,CHI,CHI @ CON,9/6/22,L,19,10,3,6,50,3,5,60,1,2,50,0,0,0,2,0,0,1,2,-22
JULIE ALLEMAND,CHI,CHI @ CON,9/6/22,L,18,6,2,2,100,1,1,100,1,2,50,0,0,0,2,2,1,1,1,-17
DANA EVANS,CHI,CHI @ CON,9/6/22,L,10,10,4,5,80,2,2,100,0,0,0,0,2,2,0,1,0,0,1,-2
ODYSSEY SIMS,CON,CON vs. CHI,9/6/22,W,17,10,3,4,75,0,0,0,4,4,100,0,2,2,2,1,0,0,1,-6
A'JA WILSON,LVA,LVA @ SEA,9/4/22,W,45,34,14,20,70,0,1,0,6,6,100,3,8,11,1,3,1,2,3,12
BREANNA STEWART,SEA,SEA vs. LVA,9/4/22,L,43,20,9,19,47.4,0,1,0,2,4,50,2,13,15,6,1,0,2,2,-7
KELSEY PLUM,LVA,LVA @ SEA,9/4/22,W,39,16,6,19,31.6,1,8,12.5,3,4,75,3,4,7,7,1,0,3,1,10
SUE BIRD,SEA,SEA vs. LVA,9/4/22,L,43,17,6,13,46.2,5,9,55.6,0,0,0,0,0,0,8,0,0,0,1,-13
TINA CHARLES,SEA,SEA vs. LVA,9/4/22,L,29,16,6,11,54.5,1,4,25,3,6,50,1,4,5,4,0,1,2,2,-11
KIAH STOKES,LVA,LVA @ SEA,9/4/22,W,32,9,4,6,66.7,1,1,100,0,0,0,3,9,12,1,1,1,0,2,4
RIQUNA WILLIAMS,LVA,LVA @ SEA,9/4/22,W,27,14,5,10,50,4,8,50,0,0,0,0,5,5,3,0,0,0,2,8
STEPHANIE TALBOT,SEA,SEA vs. LVA,9/4/22,L,21,12,4,7,57.1,3,4,75,1,1,100,0,4,4,2,0,0,1,2,3
JEWELL LOYD,SEA,SEA vs. LVA,9/4/22,L,41,17,6,20,30,1,7,14.3,4,4,100,0,1,1,2,0,0,0,3,-17
EZI MAGBEGOR,SEA,SEA vs. LVA,9/4/22,L,18,10,4,4,100,0,0,0,2,2,100,1,2,3,1,0,2,0,2,-6
JACKIE YOUNG,LVA,LVA @ SEA,9/4/22,W,38,8,3,8,37.5,1,1,100,1,1,100,1,4,5,2,0,0,2,5,9
GABBY WILLIAMS,SEA,SEA vs. LVA,9/4/22,L,24,6,3,4,75,0,1,0,0,0,0,1,1,2,3,2,0,2,3,-15
EPIPHANNY PRINCE,SEA,SEA vs. LVA,9/4/22,L,4,0,0,1,0,0,1,0,0,0,0,0,0,0,1,0,0,1,0,5
DEARICA HAMBY,LVA,LVA @ SEA,9/4/22,W,4,0,0,0,0,0,0,0,0,0,0,0,1,1,0,0,0,0,1,-2
BRIANN JANUARY,SEA,SEA vs. LVA,9/4/22,L,2,0,0,0,0,0,0,0,0,0,0,0,1,1,0,0,0,0,1,1
CHELSEA GRAY,LVA,LVA @ SEA,9/4/22,W,39,29,12,21,57.1,5,9,55.6,0,0,0,0,5,5,12,1,1,1,3,19
DEWANNA BONNER,CON,CON vs. CHI,9/4/22,L,37,18,4,14,28.6,2,4,50,8,9,88.9,3,8,11,4,3,0,3,1,-5
EMMA MEESSEMAN,CHI,CHI @ CON,9/4/22,W,32,13,6,12,50,1,2,50,0,0,0,1,2,3,6,5,1,1,4,10
ALYSSA THOMAS,CON,CON vs. CHI,9/4/22,L,36,6,3,12,25,0,0,0,0,0,0,3,10,13,7,0,0,3,4,-5
KAHLEAH COPPER,CHI,CHI @ CON,9/4/22,W,33,15,4,12,33.3,1,3,33.3,6,6,100,1,4,5,0,1,0,3,2,-1
COURTNEY VANDERSLOOT,CHI,CHI @ CON,9/4/22,W,31,12,4,9,44.4,0,1,0,4,5,80,0,6,6,5,0,0,3,2,6
BRIONNA JONES,CON,CON vs. CHI,9/4/22,L,26,12,4,11,36.4,0,1,0,4,5,80,2,1,3,1,1,2,2,3,-4
JONQUEL JONES,CON,CON vs. CHI,9/4/22,L,24,6,3,10,30,0,2,0,0,0,0,1,7,8,2,0,2,4,3,1
NATISHA HIEDEMAN,CON,CON vs. CHI,9/4/22,L,22,14,5,9,55.6,2,4,50,2,2,100,0,1,1,2,0,0,0,2,-6
COURTNEY WILLIAMS,CON,CON vs. CHI,9/4/22,L,23,12,4,10,40,1,1,100,3,4,75,1,2,3,0,0,0,1,4,-6
AZURÁ STEVENS,CHI,CHI @ CON,9/4/22,W,15,6,2,5,40,1,3,33.3,1,2,50,0,3,3,1,2,0,0,4,-11
REBEKAH GARDNER,CHI,CHI @ CON,9/4/22,W,18,6,2,4,50,0,1,0,2,2,100,2,2,4,1,1,0,0,0,9
ALLIE QUIGLEY,CHI,CHI @ CON,9/4/22,W,29,3,1,11,9.1,1,7,14.3,0,0,0,0,3,3,1,1,0,0,1,0
JULIE ALLEMAND,CHI,CHI @ CON,9/4/22,W,9,5,2,3,66.7,1,2,50,0,0,0,0,0,0,2,0,0,0,1,-2
DIJONAI CARRINGTON,CON,CON vs. CHI,9/4/22,L,13,4,2,2,100,0,0,0,0,2,0,0,3,3,1,0,0,3,0,3
ODYSSEY SIMS,CON,CON vs. CHI,9/4/22,L,18,0,0,0,0,0,0,0,0,0,0,0,4,4,2,0,0,1,1,2
CANDACE PARKER,CHI,CHI @ CON,9/4/22,W,33,16,5,14,35.7,1,6,16.7,5,6,83.3,1,10,11,4,2,3,1,2,9
DANA EVANS,CHI,CHI vs. CON,8/31/22,W,1,0,0,1,0,0,0,0,0,0,0,0,0,0,0,0,0,0,0,-4
CANDACE PARKER,CHI,CHI vs. CON,8/31/22,W,24,22,8,13,61.5,3,4,75,3,7,42.9,0,4,4,4,1,3,1,0,18
BREANNA STEWART,SEA,SEA @ LVA,8/31/22,L,39,32,12,23,52.2,3,7,42.9,5,5,100,0,7,7,3,0,3,2,6,-3
CHELSEA GRAY,LVA,LVA vs. SEA,8/31/22,W,38,19,8,13,61.5,3,5,60,0,0,0,0,7,7,7,1,1,4,2,9
TINA CHARLES,SEA,SEA @ LVA,8/31/22,L,31,17,8,17,47.1,1,4,25,0,0,0,2,7,9,1,0,0,0,2,-3
KELSEY PLUM,LVA,LVA vs. SEA,8/31/22,W,36,18,6,15,40,1,3,33.3,5,6,83.3,0,3,3,0,1,0,1,2,7
STEPHANIE TALBOT,SEA,SEA @ LVA,8/31/22,L,33,6,2,7,28.6,2,4,50,0,0,0,0,8,8,3,1,1,1,2,-8
JACKIE YOUNG,LVA,LVA vs. SEA,8/31/22,W,38,6,1,9,11.1,1,4,25,3,4,75,0,5,5,5,0,1,1,4,5
JEWELL LOYD,SEA,SEA @ LVA,8/31/22,L,38,8,2,10,20,0,3,0,4,4,100,0,3,3,4,2,0,0,3,-5
SUE BIRD,SEA,SEA @ LVA,8/31/22,L,33,6,2,5,40,0,1,0,2,2,100,0,4,4,6,0,0,1,1,3
RIQUNA WILLIAMS,LVA,LVA vs. SEA,8/31/22,W,26,2,0,6,0,0,3,0,2,2,100,3,5,8,0,0,1,1,2,8
EZI MAGBEGOR,SEA,SEA @ LVA,8/31/22,L,10,2,1,3,33.3,0,0,0,0,0,0,0,2,2,0,0,1,0,2,-4
BRIANN JANUARY,SEA,SEA @ LVA,8/31/22,L,10,2,1,3,33.3,0,2,0,0,0,0,0,0,0,1,0,0,1,0,-8
KIAH STOKES,LVA,LVA vs. SEA,8/31/22,W,20,0,0,2,0,0,0,0,0,0,0,1,1,2,0,0,0,0,3,-13
EPIPHANNY PRINCE,SEA,SEA @ LVA,8/31/22,L,7,0,0,1,0,0,0,0,0,0,0,0,1,1,0,0,0,0,1,3
ILIANA RUPERT,LVA,LVA vs. SEA,8/31/22,W,4,0,0,1,0,0,1,0,0,0,0,0,0,0,0,0,0,1,1,2
A'JA WILSON,LVA,LVA vs. SEA,8/31/22,W,38,33,12,18,66.7,1,2,50,8,11,72.7,3,10,13,1,0,3,0,0,7
JONQUEL JONES,CON,CON @ CHI,8/31/22,L,29,23,10,17,58.8,2,4,50,1,2,50,2,5,7,3,0,2,2,2,-11
EMMA MEESSEMAN,CHI,CHI vs. CON,8/31/22,W,32,14,6,8,75,0,2,0,2,2,100,2,5,7,3,2,1,3,3,10
ALYSSA THOMAS,CON,CON @ CHI,8/31/22,L,31,7,3,8,37.5,0,0,0,1,4,25,3,7,10,4,4,0,2,2,-20
COURTNEY VANDERSLOOT,CHI,CHI vs. CON,8/31/22,W,28,10,4,9,44.4,0,0,0,2,2,100,0,3,3,8,1,1,1,3,23
ALLIE QUIGLEY,CHI,CHI vs. CON,8/31/22,W,33,13,4,11,36.4,3,6,50,2,3,66.7,0,2,2,3,0,0,2,2,7
KAHLEAH COPPER,CHI,CHI vs. CON,8/31/22,W,29,12,5,11,45.5,0,2,0,2,2,100,0,4,4,0,2,0,1,2,14
NATISHA HIEDEMAN,CON,CON @ CHI,8/31/22,L,27,14,6,10,60,2,4,50,0,0,0,0,1,1,3,0,0,3,4,-9
BRIONNA JONES,CON,CON @ CHI,8/31/22,L,21,7,3,9,33.3,0,0,0,1,2,50,2,5,7,1,1,0,1,2,-7
AZURÁ STEVENS,CHI,CHI vs. CON,8/31/22,W,23,6,3,6,50,0,1,0,0,0,0,1,3,4,1,1,2,1,3,-10
RUTHY HEBARD,CHI,CHI vs. CON,8/31/22,W,1,0,0,0,0,0,0,0,0,0,0,0,0,0,0,0,0,0,0,-2
NIA CLOUDEN,CON,CON @ CHI,8/31/22,L,6,2,0,1,0,0,0,0,2,2,100,0,1,1,1,0,0,0,1,11
JOYNER HOLMES,CON,CON @ CHI,8/31/22,L,6,2,1,1,100,0,0,0,0,0,0,0,3,3,0,0,0,0,0,11
JULIE ALLEMAND,CHI,CHI vs. CON,8/31/22,W,12,2,0,0,0,0,0,0,2,4,50,0,2,2,2,0,0,0,0,-15
DEWANNA BONNER,CON,CON @ CHI,8/31/22,L,25,2,0,6,0,0,2,0,2,4,50,0,2,2,3,0,0,1,1,-19
COURTNEY WILLIAMS,CON,CON @ CHI,8/31/22,L,20,6,3,10,30,0,2,0,0,0,0,0,3,3,2,0,0,1,1,-4
REBEKAH GARDNER,CHI,CHI vs. CON,8/31/22,W,17,6,2,4,50,0,0,0,2,2,100,0,3,3,1,0,1,3,2,-1
DIJONAI CARRINGTON,CON,CON @ CHI,8/31/22,L,18,7,3,4,75,0,0,0,1,2,50,0,2,2,1,1,1,2,3,12
ODYSSEY SIMS,CON,CON @ CHI,8/31/22,L,18,7,3,4,75,1,1,100,0,0,0,0,3,3,1,1,0,0,1,-4
ALYSSA THOMAS,CON,CON @ CHI,8/28/22,W,33,12,6,16,37.5,0,1,0,0,1,0,4,6,10,7,1,0,1,3,12
DEWANNA BONNER,CON,CON @ CHI,8/28/22,W,34,15,4,16,25,1,6,16.7,6,6,100,1,8,9,5,3,0,3,0,15
BREANNA STEWART,SEA,SEA @ LVA,8/28/22,W,37,24,9,17,52.9,0,3,0,6,6,100,1,5,6,2,1,3,1,2,4
BRIANN JANUARY,SEA,SEA @ LVA,8/28/22,W,9,0,0,1,0,0,1,0,0,0,0,0,0,0,0,0,0,0,1,1
EPIPHANNY PRINCE,SEA,SEA @ LVA,8/28/22,W,8,0,0,2,0,0,2,0,0,0,0,0,1,1,1,1,0,0,0,-5
ILIANA RUPERT,LVA,LVA vs. SEA,8/28/22,L,11,3,1,1,100,1,1,100,0,0,0,0,1,1,0,0,0,0,1,3
EZI MAGBEGOR,SEA,SEA @ LVA,8/28/22,W,14,4,2,5,40,0,0,0,0,0,0,1,1,2,1,0,0,0,3,-10
RIQUNA WILLIAMS,LVA,LVA vs. SEA,8/28/22,L,17,6,2,6,33.3,2,5,40,0,0,0,1,3,4,0,1,0,1,1,8
KIAH STOKES,LVA,LVA vs. SEA,8/28/22,L,31,4,2,7,28.6,0,2,0,0,0,0,1,8,9,1,1,1,4,1,-5
SUE BIRD,SEA,SEA @ LVA,8/28/22,W,37,2,1,6,16.7,0,2,0,0,0,0,0,4,4,12,1,0,0,3,2
STEPHANIE TALBOT,SEA,SEA @ LVA,8/28/22,W,28,7,3,7,42.9,1,3,33.3,0,0,0,0,6,6,2,1,1,3,4,8
JACKIE YOUNG,LVA,LVA vs. SEA,8/28/22,L,34,11,3,6,50,1,1,100,4,4,100,0,3,3,5,1,0,1,2,-11
KELSEY PLUM,LVA,LVA vs. SEA,8/28/22,L,35,20,8,23,34.8,2,10,20,2,2,100,1,3,4,2,0,0,2,4,-1
A'JA WILSON,LVA,LVA vs. SEA,8/28/22,L,38,8,3,10,30,0,2,0,2,2,100,1,11,12,3,0,3,1,3,-4
CHELSEA GRAY,LVA,LVA vs. SEA,8/28/22,L,35,21,9,15,60,0,2,0,3,3,100,0,1,1,5,2,1,2,0,-5
JEWELL LOYD,SEA,SEA @ LVA,8/28/22,W,38,26,10,19,52.6,4,10,40,2,3,66.7,0,0,0,4,1,0,2,2,3
TINA CHARLES,SEA,SEA @ LVA,8/28/22,W,29,13,6,18,33.3,0,1,0,1,2,50,5,13,18,1,1,1,1,1,12
CANDACE PARKER,CHI,CHI vs. CON,8/28/22,L,35,19,7,16,43.8,3,9,33.3,2,2,100,1,17,18,5,4,6,2,4,-10
DIJONAI CARRINGTON,CON,CON @ CHI,8/28/22,W,11,2,1,4,25,0,1,0,0,0,0,0,1,1,1,0,0,1,0,-15
AZURÁ STEVENS,CHI,CHI vs. CON,8/28/22,L,14,2,1,7,14.3,0,2,0,0,0,0,0,4,4,1,0,0,0,0,-6
JULIE ALLEMAND,CHI,CHI vs. CON,8/28/22,L,10,3,1,2,50,1,2,50,0,0,0,0,1,1,2,0,0,1,0,1
REBEKAH GARDNER,CHI,CHI vs. CON,8/28/22,L,16,4,1,4,25,0,1,0,2,2,100,2,0,2,1,1,0,0,0,-7
ODYSSEY SIMS,CON,CON @ CHI,8/28/22,W,17,4,1,5,20,0,1,0,2,2,100,0,4,4,1,1,0,0,0,-13
ALLIE QUIGLEY,CHI,CHI vs. CON,8/28/22,L,32,7,3,10,30,0,5,0,1,1,100,0,2,2,1,0,1,2,3,5
COURTNEY VANDERSLOOT,CHI,CHI vs. CON,8/28/22,L,30,5,2,8,25,1,4,25,0,0,0,0,3,3,2,0,1,2,2,-6
NATISHA HIEDEMAN,CON,CON @ CHI,8/28/22,W,23,5,2,6,33.3,1,2,50,0,0,0,1,1,2,4,0,1,0,0,18
COURTNEY WILLIAMS,CON,CON @ CHI,8/28/22,W,28,6,3,12,25,0,1,0,0,0,0,1,8,9,2,0,0,3,2,2
BRIONNA JONES,CON,CON @ CHI,8/28/22,W,28,12,6,8,75,0,0,0,0,0,0,2,1,3,3,0,1,1,1,4
KAHLEAH COPPER,CHI,CHI vs. CON,8/28/22,L,32,13,5,10,50,1,3,33.3,2,4,50,2,1,3,1,1,1,4,2,-8
EMMA MEESSEMAN,CHI,CHI vs. CON,8/28/22,L,32,10,4,11,36.4,2,4,50,0,0,0,2,1,3,7,0,1,0,3,6
JONQUEL JONES,CON,CON @ CHI,8/28/22,W,26,12,5,8,62.5,1,1,100,1,2,50,3,6,9,0,2,1,0,1,2
SATOU SABALLY,DAL,DAL vs. CON,8/24/22,L,20,6,2,7,28.6,0,2,0,2,2,100,0,1,1,3,0,1,1,2,-18
COURTNEY WILLIAMS,CON,CON @ DAL,8/24/22,W,17,2,1,6,16.7,0,1,0,0,0,0,1,3,4,0,1,1,0,0,6
ODYSSEY SIMS,CON,CON @ DAL,8/24/22,W,15,4,2,7,28.6,0,2,0,0,0,0,0,1,1,1,2,0,3,3,8
ISABELLE HARRISON,DAL,DAL vs. CON,8/24/22,L,7,3,1,2,50,0,0,0,1,1,100,0,0,0,0,1,0,0,1,0
AWAK KUIER,DAL,DAL vs. CON,8/24/22,L,3,0,0,0,0,0,0,0,0,0,0,1,1,2,0,0,1,0,0,0
TYASHA HARRIS,DAL,DAL vs. CON,8/24/22,L,9,0,0,4,0,0,1,0,0,0,0,0,1,1,2,0,0,0,2,-6
ARIKE OGUNBOWALE,DAL,DAL vs. CON,8/24/22,L,6,0,0,3,0,0,2,0,0,0,0,0,0,0,0,0,0,0,0,-8
NIA CLOUDEN,CON,CON @ DAL,8/24/22,W,0,0,0,0,0,0,0,0,0,0,0,0,0,0,0,0,0,0,0,0
JOYNER HOLMES,CON,CON @ DAL,8/24/22,W,1,0,0,0,0,0,0,0,0,0,0,0,0,0,0,0,0,0,0,-2
DEWANNA BONNER,CON,CON @ DAL,8/24/22,W,35,21,7,20,35,1,5,20,6,8,75,3,2,5,5,0,1,1,1,13
DIJONAI CARRINGTON,CON,CON @ DAL,8/24/22,W,25,3,1,4,25,0,3,0,1,2,50,1,1,2,2,4,0,1,4,11
ALLISHA GRAY,DAL,DAL vs. CON,8/24/22,L,35,7,3,8,37.5,1,2,50,0,0,0,0,1,1,4,0,1,1,1,-5
KAYLA THORNTON,DAL,DAL vs. CON,8/24/22,L,32,4,2,5,40,0,1,0,0,0,0,1,5,6,0,1,2,1,4,-18
NATISHA HIEDEMAN,CON,CON @ DAL,8/24/22,W,28,11,4,10,40,3,5,60,0,0,0,0,2,2,2,1,0,1,3,7
BRIONNA JONES,CON,CON @ DAL,8/24/22,W,17,8,3,7,42.9,0,0,0,2,4,50,6,2,8,2,2,0,0,4,0
VERONICA BURTON,DAL,DAL vs. CON,8/24/22,L,30,10,3,6,50,1,4,25,3,3,100,3,3,6,4,1,1,3,3,-1
JONQUEL JONES,CON,CON @ DAL,8/24/22,W,24,11,5,10,50,0,1,0,1,1,100,4,6,10,0,2,0,3,4,18
TEAIRA MCCOWAN,DAL,DAL vs. CON,8/24/22,L,23,8,2,6,33.3,0,0,0,4,6,66.7,2,10,12,0,1,2,5,3,2
MARINA MABREY,DAL,DAL vs. CON,8/24/22,L,34,20,7,14,50,2,5,40,4,4,100,0,2,2,1,0,1,8,2,-21
ALYSSA THOMAS,CON,CON @ DAL,8/24/22,W,38,13,4,12,33.3,0,0,0,5,8,62.5,2,6,8,2,2,0,4,1,14
REBECCA ALLEN,NYL,NYL vs. CHI,8/23/22,L,22,4,1,5,20,0,3,0,2,2,100,0,4,4,2,1,0,2,0,-16
STEFANIE DOLSON,NYL,NYL vs. CHI,8/23/22,L,27,4,2,4,50,0,0,0,0,0,0,0,1,1,2,0,1,0,3,-15
HAN XU,NYL,NYL vs. CHI,8/23/22,L,6,2,1,1,100,0,0,0,0,0,0,1,0,1,0,0,1,0,0,0
DANA EVANS,CHI,CHI @ NYL,8/23/22,W,2,2,1,1,100,0,0,0,0,0,0,0,0,0,0,1,0,0,0,-2
JULIE ALLEMAND,CHI,CHI @ NYL,8/23/22,W,8,0,0,0,0,0,0,0,0,0,0,0,1,1,3,0,0,1,0,-5
DIDI RICHARDS,NYL,NYL vs. CHI,8/23/22,L,2,0,0,0,0,0,0,0,0,0,0,0,1,1,2,0,0,0,0,2
MICHAELA ONYENWERE,NYL,NYL vs. CHI,8/23/22,L,2,2,1,1,100,0,0,0,0,0,0,0,0,0,0,0,0,0,0,2
RUTHY HEBARD,CHI,CHI @ NYL,8/23/22,W,2,0,0,1,0,0,1,0,0,0,0,0,0,0,0,0,0,0,0,-2
JOCELYN WILLOUGHBY,NYL,NYL vs. CHI,8/23/22,L,2,0,0,0,0,0,0,0,0,0,0,0,0,0,0,0,0,0,0,2
CRYSTAL DANGERFIELD,NYL,NYL vs. CHI,8/23/22,L,2,0,0,0,0,0,0,0,0,0,0,0,0,0,0,0,0,1,0,2
CANDACE PARKER,CHI,CHI @ NYL,8/23/22,W,30,14,6,14,42.9,0,4,0,2,3,66.7,2,11,13,8,0,2,1,2,25
COURTNEY VANDERSLOOT,CHI,CHI @ NYL,8/23/22,W,32,14,6,12,50,2,5,40,0,0,0,0,5,5,10,2,0,2,1,23
SABRINA IONESCU,NYL,NYL vs. CHI,8/23/22,L,34,14,6,15,40,2,7,28.6,0,1,0,1,5,6,4,1,1,5,0,-19
ALLIE QUIGLEY,CHI,CHI @ NYL,8/23/22,W,30,15,5,10,50,4,8,50,1,1,100,1,3,4,1,2,0,2,1,13
NATASHA HOWARD,NYL,NYL vs. CHI,8/23/22,L,32,14,7,17,41.2,0,2,0,0,0,0,3,8,11,0,0,0,2,3,-20
KAHLEAH COPPER,CHI,CHI @ NYL,8/23/22,W,32,15,5,12,41.7,1,4,25,4,4,100,1,2,3,2,2,0,0,1,23
MARINE JOHANNES,NYL,NYL vs. CHI,8/23/22,L,30,9,3,7,42.9,3,5,60,0,0,0,0,4,4,4,2,0,2,1,-12
BETNIJAH LANEY,NYL,NYL vs. CHI,8/23/22,L,30,15,6,11,54.5,0,0,0,3,3,100,0,5,5,2,0,0,2,4,-7
AZURÁ STEVENS,CHI,CHI @ NYL,8/23/22,W,21,12,5,9,55.6,0,2,0,2,3,66.7,2,6,8,0,1,0,0,1,16
EMMA MEESSEMAN,CHI,CHI @ NYL,8/23/22,W,28,12,5,12,41.7,1,3,33.3,1,2,50,0,1,1,0,1,1,0,2,-3
REBEKAH GARDNER,CHI,CHI @ NYL,8/23/22,W,16,6,3,4,75,0,0,0,0,0,0,2,2,4,3,0,1,1,1,2
SAMI WHITCOMB,NYL,NYL vs. CHI,8/23/22,L,13,8,3,8,37.5,2,5,40,0,0,0,0,0,0,2,0,0,0,1,-9
TEAIRA MCCOWAN,DAL,DAL @ CON,8/21/22,W,24,17,8,13,61.5,0,0,0,1,3,33.3,8,3,11,3,0,1,2,4,-6
KAYLA THORNTON,DAL,DAL @ CON,8/21/22,W,28,20,8,12,66.7,4,6,66.7,0,0,0,1,4,5,4,0,0,1,4,17
MARINA MABREY,DAL,DAL @ CON,8/21/22,W,33,14,6,15,40,2,3,66.7,0,0,0,0,6,6,3,1,1,3,3,24
BRIONNA JONES,CON,CON vs. DAL,8/21/22,L,24,20,7,13,53.8,0,1,0,6,7,85.7,3,1,4,1,0,0,0,4,6
DIJONAI CARRINGTON,CON,CON vs. DAL,8/21/22,L,16,13,5,9,55.6,1,1,100,2,3,66.7,1,5,6,1,0,0,2,1,4
VERONICA BURTON,DAL,DAL @ CON,8/21/22,W,31,7,2,5,40,2,4,50,1,2,50,0,0,0,3,4,0,1,2,3
ALYSSA THOMAS,CON,CON vs. DAL,8/21/22,L,28,6,3,8,37.5,0,0,0,0,0,0,0,6,6,5,0,0,2,0,-30
DEWANNA BONNER,CON,CON vs. DAL,8/21/22,L,24,9,2,4,50,1,3,33.3,4,4,100,0,1,1,2,0,1,2,0,-14
ISABELLE HARRISON,DAL,DAL @ CON,8/21/22,W,18,6,3,6,50,0,0,0,0,0,0,1,4,5,1,0,0,0,1,15
SATOU SABALLY,DAL,DAL @ CON,8/21/22,W,10,5,2,6,33.3,1,3,33.3,0,0,0,0,1,1,4,0,0,0,2,6
COURTNEY WILLIAMS,CON,CON vs. DAL,8/21/22,L,24,5,2,8,25,1,4,25,0,0,0,1,1,2,2,0,0,2,0,-28
TYASHA HARRIS,DAL,DAL @ CON,8/21/22,W,16,5,2,4,50,1,2,50,0,0,0,1,0,1,2,0,0,1,1,-11
ODYSSEY SIMS,CON,CON vs. DAL,8/21/22,L,24,4,2,3,66.7,0,0,0,0,0,0,0,0,0,4,0,0,0,1,4
NIA CLOUDEN,CON,CON vs. DAL,8/21/22,L,9,2,1,1,100,0,0,0,0,0,0,0,1,1,3,1,0,0,1,19
NATISHA HIEDEMAN,CON,CON vs. DAL,8/21/22,L,24,0,0,4,0,0,3,0,0,0,0,1,1,2,2,0,1,2,0,-15
JOYNER HOLMES,CON,CON vs. DAL,8/21/22,L,6,0,0,0,0,0,0,0,0,0,0,0,1,1,1,0,0,0,0,15
AWAK KUIER,DAL,DAL @ CON,8/21/22,W,4,0,0,2,0,0,1,0,0,0,0,0,1,1,0,0,0,0,0,-12
ALLISHA GRAY,DAL,DAL @ CON,8/21/22,W,37,15,5,12,41.7,1,7,14.3,4,4,100,2,3,5,8,3,0,0,3,14
SUE BIRD,SEA,SEA vs. WAS,8/21/22,W,33,18,6,10,60,4,6,66.7,2,2,100,1,3,4,10,2,1,1,0,11
NATASHA CLOUD,WAS,WAS @ SEA,8/21/22,L,34,21,7,16,43.8,5,8,62.5,2,2,100,0,6,6,5,0,0,2,0,-13
JEWELL LOYD,SEA,SEA vs. WAS,8/21/22,W,37,19,6,14,42.9,5,10,50,2,2,100,0,4,4,1,0,0,1,3,17
ARIEL ATKINS,WAS,WAS @ SEA,8/21/22,L,33,15,6,14,42.9,3,6,50,0,0,0,2,0,2,7,1,0,1,4,-6
ELENA DELLE DONNE,WAS,WAS @ SEA,8/21/22,L,33,12,5,14,35.7,1,5,20,1,1,100,0,2,2,5,0,1,2,3,-8
ALYSHA CLARK,WAS,WAS @ SEA,8/21/22,L,25,10,3,5,60,2,3,66.7,2,3,66.7,0,4,4,4,0,0,0,2,-13
SHATORI WALKER-KIMBROUGH,WAS,WAS @ SEA,8/21/22,L,21,12,4,6,66.7,2,3,66.7,2,2,100,0,0,0,0,3,0,0,0,-7
TINA CHARLES,SEA,SEA vs. WAS,8/21/22,W,18,12,6,10,60,0,2,0,0,2,0,3,2,5,2,0,0,1,3,3
EZI MAGBEGOR,SEA,SEA vs. WAS,8/21/22,W,25,6,3,5,60,0,0,0,0,0,0,0,5,5,2,2,1,1,3,13
GABBY WILLIAMS,SEA,SEA vs. WAS,8/21/22,W,20,14,5,6,83.3,0,1,0,4,4,100,0,1,1,0,0,0,0,2,8
SHAKIRA AUSTIN,WAS,WAS @ SEA,8/21/22,L,29,2,0,3,0,0,0,0,2,2,100,3,5,8,2,1,0,3,1,-8
STEPHANIE TALBOT,SEA,SEA vs. WAS,8/21/22,W,20,5,2,2,100,1,1,100,0,0,0,3,0,3,2,0,0,1,2,5
RUI MACHIDA,WAS,WAS @ SEA,8/21/22,L,6,3,1,2,50,1,2,50,0,0,0,1,0,1,1,0,0,0,1,0
MYISHA HINES-ALLEN,WAS,WAS @ SEA,8/21/22,L,9,4,1,3,33.3,0,0,0,2,2,100,1,0,1,1,0,0,0,0,-8
ELIZABETH WILLIAMS,WAS,WAS @ SEA,8/21/22,L,9,5,2,2,100,0,0,0,1,4,25,0,1,1,0,0,0,0,0,-2
BRIANN JANUARY,SEA,SEA vs. WAS,8/21/22,W,7,2,1,1,100,0,0,0,0,0,0,0,1,1,1,0,0,0,0,2
EPIPHANNY PRINCE,SEA,SEA vs. WAS,8/21/22,W,3,0,0,0,0,0,0,0,0,0,0,0,0,0,0,0,0,0,1,-4
BREANNA STEWART,SEA,SEA vs. WAS,8/21/22,W,37,21,6,15,40,2,3,66.7,7,7,100,1,9,10,8,2,1,3,1,10
JONQUEL JONES,CON,CON vs. DAL,8/21/22,L,22,20,6,12,50,1,2,50,7,7,100,4,5,9,0,0,2,0,2,-11
BRIANNA TURNER,PHO,PHO @ LVA,8/20/22,L,26,6,3,3,100,0,0,0,0,0,0,5,2,7,3,0,0,1,2,-34
KIERSTAN BELL,LVA,LVA vs. PHO,8/20/22,W,12,11,4,5,80,3,4,75,0,1,0,0,4,4,0,0,0,2,2,3
JENNIE SIMMS,PHO,PHO @ LVA,8/20/22,L,33,9,3,9,33.3,2,7,28.6,1,5,20,1,4,5,3,0,0,1,2,-28
RIQUNA WILLIAMS,LVA,LVA vs. PHO,8/20/22,W,22,11,4,9,44.4,3,7,42.9,0,0,0,0,5,5,3,1,0,0,0,7
JACKIE YOUNG,LVA,LVA vs. PHO,8/20/22,W,25,15,5,6,83.3,3,3,100,2,2,100,0,2,2,3,3,0,1,2,24
DIAMOND DESHIELDS,PHO,PHO @ LVA,8/20/22,L,22,21,9,16,56.3,1,4,25,2,4,50,0,1,1,2,2,0,6,0,-20
A'JA WILSON,LVA,LVA vs. PHO,8/20/22,W,27,17,7,9,77.8,1,2,50,2,3,66.7,0,4,4,6,0,1,3,2,38
KELSEY PLUM,LVA,LVA vs. PHO,8/20/22,W,24,22,6,10,60,4,6,66.7,6,6,100,1,3,4,3,0,0,1,2,35
KAELA DAVIS,PHO,PHO @ LVA,8/20/22,L,30,23,11,19,57.9,0,3,0,1,1,100,0,6,6,3,1,1,2,4,-25
COURTNEY VANDERSLOOT,CHI,CHI vs. NYL,8/20/22,W,24,16,7,10,70,1,3,33.3,1,1,100,1,8,9,4,3,0,1,1,33
MEGAN GUSTAFSON,PHO,PHO @ LVA,8/20/22,L,26,6,2,12,16.7,0,3,0,2,2,100,3,2,5,3,1,0,0,1,-20
KIAH STOKES,LVA,LVA vs. PHO,8/20/22,W,22,6,3,4,75,0,0,0,0,0,0,0,3,3,0,2,0,2,3,37
THERESA PLAISANCE,LVA,LVA vs. PHO,8/20/22,W,12,5,2,3,66.7,1,1,100,0,0,0,0,3,3,2,1,0,1,1,1
YVONNE TURNER,PHO,PHO @ LVA,8/20/22,L,11,4,2,5,40,0,0,0,0,0,0,2,3,5,1,0,0,0,1,-17
SOPHIE CUNNINGHAM,PHO,PHO @ LVA,8/20/22,L,26,3,1,4,25,1,4,25,0,0,0,0,1,1,2,0,0,2,2,-39
SAM THOMAS,PHO,PHO @ LVA,8/20/22,L,13,3,1,2,50,1,2,50,0,0,0,0,0,0,0,1,0,0,0,-1
RESHANDA GRAY,PHO,PHO @ LVA,8/20/22,L,13,5,2,3,66.7,0,0,0,1,2,50,0,1,1,0,0,0,1,1,-1
SYDNEY COLSON,LVA,LVA vs. PHO,8/20/22,W,12,0,0,2,0,0,1,0,0,0,0,1,1,2,4,0,0,0,2,3
ILIANA RUPERT,LVA,LVA vs. PHO,8/20/22,W,10,3,1,3,33.3,1,3,33.3,0,0,0,0,0,0,0,0,0,1,0,-5
AISHA SHEPPARD,LVA,LVA vs. PHO,8/20/22,W,9,0,0,2,0,0,1,0,0,0,0,0,0,0,2,0,0,0,0,3
CHELSEA GRAY,LVA,LVA vs. PHO,8/20/22,W,25,27,9,11,81.8,7,8,87.5,2,2,100,0,3,3,8,1,2,1,2,39
CANDACE PARKER,CHI,CHI vs. NYL,8/20/22,W,23,12,5,10,50,0,2,0,2,2,100,2,10,12,4,0,2,1,2,33
KAHLEAH COPPER,CHI,CHI vs. NYL,8/20/22,W,22,20,8,16,50,2,3,66.7,2,2,100,1,2,3,1,3,0,0,2,31
AZURÁ STEVENS,CHI,CHI vs. NYL,8/20/22,W,23,14,7,13,53.8,0,3,0,0,0,0,1,3,4,0,2,1,2,5,7
ALLIE QUIGLEY,CHI,CHI vs. NYL,8/20/22,W,26,8,2,3,66.7,2,3,66.7,2,2,100,0,1,1,8,2,0,1,2,36
EMMA MEESSEMAN,CHI,CHI vs. NYL,8/20/22,W,24,8,3,8,37.5,0,1,0,2,2,100,3,3,6,4,1,0,3,0,37
REBEKAH GARDNER,CHI,CHI vs. NYL,8/20/22,W,20,11,4,9,44.4,0,2,0,3,3,100,2,2,4,1,1,0,1,3,7
HAN XU,NYL,NYL @ CHI,8/20/22,L,18,10,3,7,42.9,1,1,100,3,4,75,1,4,5,0,0,1,2,0,-5
SABRINA IONESCU,NYL,NYL @ CHI,8/20/22,L,23,7,3,5,60,1,2,50,0,0,0,1,4,5,3,0,0,3,2,-25
DIDI RICHARDS,NYL,NYL @ CHI,8/20/22,L,15,8,2,5,40,0,2,0,4,4,100,0,2,2,0,2,0,4,2,-2
REBECCA ALLEN,NYL,NYL @ CHI,8/20/22,L,16,5,1,4,25,1,2,50,2,2,100,0,4,4,1,1,0,1,1,-16
CRYSTAL DANGERFIELD,NYL,NYL @ CHI,8/20/22,L,14,4,2,7,28.6,0,2,0,0,0,0,0,0,0,0,0,0,0,0,-11
MARINE JOHANNES,NYL,NYL @ CHI,8/20/22,L,12,0,0,2,0,0,2,0,0,0,0,0,1,1,2,1,0,3,1,-13
SAMI WHITCOMB,NYL,NYL @ CHI,8/20/22,L,19,0,0,1,0,0,0,0,0,0,0,0,1,1,3,1,0,0,1,-19
JOCELYN WILLOUGHBY,NYL,NYL @ CHI,8/20/22,L,13,6,2,2,100,0,0,0,2,3,66.7,0,1,1,0,0,0,1,1,-5
JULIE ALLEMAND,CHI,CHI vs. NYL,8/20/22,W,19,4,2,4,50,0,2,0,0,0,0,0,0,0,4,0,0,0,1,8
DANA EVANS,CHI,CHI vs. NYL,8/20/22,W,10,5,1,3,33.3,1,3,33.3,2,2,100,0,1,1,2,0,0,1,1,-1
BETNIJAH LANEY,NYL,NYL @ CHI,8/20/22,L,16,2,1,7,14.3,0,2,0,0,0,0,1,1,2,3,1,0,3,1,-23
STEFANIE DOLSON,NYL,NYL @ CHI,8/20/22,L,20,2,1,3,33.3,0,1,0,0,0,0,0,3,3,3,0,1,0,1,-35
RUTHY HEBARD,CHI,CHI vs. NYL,8/20/22,W,10,2,1,2,50,0,0,0,0,0,0,0,5,5,0,2,0,0,1,-1
NATASHA HOWARD,NYL,NYL @ CHI,8/20/22,L,17,8,3,9,33.3,0,4,0,2,2,100,0,2,2,0,1,0,2,3,-32
MICHAELA ONYENWERE,NYL,NYL @ CHI,8/20/22,L,17,10,2,8,25,0,2,0,6,6,100,0,2,2,0,0,0,0,0,-4
ALLISHA GRAY,DAL,DAL @ CON,8/18/22,L,35,17,7,11,63.6,1,4,25,2,6,33.3,1,4,5,2,2,0,1,2,-20
TYASHA HARRIS,DAL,DAL @ CON,8/18/22,L,27,13,5,11,45.5,1,4,25,2,2,100,2,3,5,3,1,1,3,0,-16
DIJONAI CARRINGTON,CON,CON vs. DAL,8/18/22,W,18,13,6,10,60,0,1,0,1,1,100,0,6,6,0,2,0,0,2,10
DEWANNA BONNER,CON,CON vs. DAL,8/18/22,W,22,12,4,10,40,2,4,50,2,2,100,1,1,2,1,2,1,1,0,15
COURTNEY WILLIAMS,CON,CON vs. DAL,8/18/22,W,24,10,5,12,41.7,0,2,0,0,0,0,1,1,2,6,1,0,1,0,12
MARINA MABREY,DAL,DAL @ CON,8/18/22,L,30,11,5,13,38.5,1,3,33.3,0,0,0,2,2,4,1,1,0,3,5,-21
NATISHA HIEDEMAN,CON,CON vs. DAL,8/18/22,W,29,8,3,6,50,1,2,50,1,2,50,0,4,4,2,2,0,1,1,20
SATOU SABALLY,DAL,DAL @ CON,8/18/22,L,15,10,3,8,37.5,2,5,40,2,3,66.7,0,2,2,2,0,0,1,2,-12
TEAIRA MCCOWAN,DAL,DAL @ CON,8/18/22,L,28,7,2,6,33.3,0,0,0,3,6,50,1,4,5,0,0,2,3,2,-12
BRIONNA JONES,CON,CON vs. DAL,8/18/22,W,21,8,3,5,60,0,0,0,2,2,100,1,2,3,2,1,0,0,4,14
VERONICA BURTON,DAL,DAL @ CON,8/18/22,L,23,2,1,4,25,0,2,0,0,0,0,1,1,2,3,1,0,2,0,-12
ODYSSEY SIMS,CON,CON vs. DAL,8/18/22,W,21,6,3,6,50,0,1,0,0,0,0,0,0,0,1,0,0,2,3,13
ISABELLE HARRISON,DAL,DAL @ CON,8/18/22,L,12,7,3,5,60,0,0,0,1,1,100,0,0,0,0,0,0,1,1,-13
AWAK KUIER,DAL,DAL @ CON,8/18/22,L,8,0,0,1,0,0,1,0,0,0,0,0,2,2,0,0,1,0,0,-7
NIA CLOUDEN,CON,CON vs. DAL,8/18/22,W,7,2,1,1,100,0,0,0,0,0,0,0,0,0,0,1,0,1,0,5
KAYLA THORNTON,DAL,DAL @ CON,8/18/22,L,20,1,0,2,0,0,1,0,1,1,100,1,2,3,0,0,0,1,3,-10
JOYNER HOLMES,CON,CON vs. DAL,8/18/22,W,3,0,0,0,0,0,0,0,0,0,0,0,0,0,3,0,0,0,0,6
JASMINE DICKEY,DAL,DAL @ CON,8/18/22,L,2,0,0,2,0,0,0,0,0,0,0,0,0,0,0,0,0,0,0,-2
ALYSSA THOMAS,CON,CON vs. DAL,8/18/22,W,31,15,7,11,63.6,0,0,0,1,2,50,2,8,10,7,1,1,2,1,13
ELENA DELLE DONNE,WAS,WAS @ SEA,8/18/22,L,32,26,11,17,64.7,0,4,0,4,4,100,2,1,3,5,1,1,1,2,3
GABBY WILLIAMS,SEA,SEA vs. WAS,8/18/22,W,33,12,5,8,62.5,2,2,100,0,0,0,2,5,7,6,3,1,4,2,5
NATASHA CLOUD,WAS,WAS @ SEA,8/18/22,L,37,16,6,10,60,2,2,100,2,2,100,0,6,6,1,1,3,4,3,0
ARIEL ATKINS,WAS,WAS @ SEA,8/18/22,L,33,16,5,15,33.3,4,8,50,2,2,100,0,1,1,4,0,0,1,4,4
JEWELL LOYD,SEA,SEA vs. WAS,8/18/22,W,32,16,4,11,36.4,2,6,33.3,6,6,100,0,2,2,3,0,0,2,0,8
SHAKIRA AUSTIN,WAS,WAS @ SEA,8/18/22,L,25,12,6,10,60,0,0,0,0,2,0,3,4,7,0,1,1,2,2,-13
TINA CHARLES,SEA,SEA vs. WAS,8/18/22,W,26,9,4,9,44.4,1,1,100,0,2,0,3,4,7,1,1,0,3,1,1
MYISHA HINES-ALLEN,WAS,WAS @ SEA,8/18/22,L,20,6,1,8,12.5,0,1,0,4,4,100,1,5,6,3,2,0,2,1,4
SUE BIRD,SEA,SEA vs. WAS,8/18/22,W,32,10,4,9,44.4,2,6,33.3,0,0,0,0,1,1,2,1,0,0,1,6
JONQUEL JONES,CON,CON vs. DAL,8/18/22,W,25,19,5,10,50,2,4,50,7,8,87.5,3,5,8,3,0,1,1,2,17
BREANNA STEWART,SEA,SEA vs. WAS,8/18/22,W,38,23,8,17,47.1,2,3,66.7,5,5,100,2,10,12,4,1,1,3,2,2
RUI MACHIDA,WAS,WAS @ SEA,8/18/22,L,4,2,1,1,100,0,0,0,0,0,0,0,0,0,0,0,0,0,0,-8
EPIPHANNY PRINCE,SEA,SEA vs. WAS,8/18/22,W,8,2,1,1,100,0,0,0,0,0,0,0,0,0,0,0,0,0,1,-5
ELIZABETH WILLIAMS,WAS,WAS @ SEA,8/18/22,L,2,0,0,0,0,0,0,0,0,0,0,0,1,1,0,0,1,0,0,0
BRIANN JANUARY,SEA,SEA vs. WAS,8/18/22,W,8,2,1,1,100,0,0,0,0,0,0,0,0,0,3,0,0,1,0,-3
SHATORI WALKER-KIMBROUGH,WAS,WAS @ SEA,8/18/22,L,20,3,1,3,33.3,1,3,33.3,0,0,0,0,0,0,1,0,0,1,2,-3
STEPHANIE TALBOT,SEA,SEA vs. WAS,8/18/22,W,7,4,1,2,50,1,2,50,1,2,50,0,1,1,1,0,0,0,2,-2
ALYSHA CLARK,WAS,WAS @ SEA,8/18/22,L,26,2,1,2,50,0,1,0,0,0,0,0,3,3,2,3,1,1,3,-2
EZI MAGBEGOR,SEA,SEA vs. WAS,8/18/22,W,16,8,4,5,80,0,0,0,0,1,0,0,1,1,1,1,2,0,2,3
A'JA WILSON,LVA,LVA vs. PHO,8/17/22,W,33,8,2,11,18.2,0,1,0,4,4,100,1,11,12,3,0,3,2,2,19
DIAMOND DESHIELDS,PHO,PHO @ LVA,8/17/22,L,32,18,7,22,31.8,1,2,50,3,3,100,0,8,8,2,0,0,1,2,-15
JACKIE YOUNG,LVA,LVA vs. PHO,8/17/22,W,35,16,6,13,46.2,2,4,50,2,2,100,0,5,5,2,1,0,2,4,19
SOPHIE CUNNINGHAM,PHO,PHO @ LVA,8/17/22,L,37,12,4,7,57.1,2,4,50,2,6,33.3,1,3,4,2,1,0,3,5,-15
BRIANNA TURNER,PHO,PHO @ LVA,8/17/22,L,34,2,1,6,16.7,0,0,0,0,0,0,6,10,16,2,0,1,1,3,-17
SHEY PEDDY,PHO,PHO @ LVA,8/17/22,L,26,8,3,13,23.1,2,7,28.6,0,0,0,1,1,2,5,2,0,1,0,-3
MEGAN GUSTAFSON,PHO,PHO @ LVA,8/17/22,L,21,12,4,7,57.1,0,2,0,4,4,100,1,3,4,1,0,1,1,4,1
KAELA DAVIS,PHO,PHO @ LVA,8/17/22,L,17,9,3,10,30,0,0,0,3,4,75,0,1,1,0,0,0,1,1,-8
ILIANA RUPERT,LVA,LVA vs. PHO,8/17/22,W,15,6,2,7,28.6,2,6,33.3,0,0,0,1,0,1,0,0,0,1,3,0
RIQUNA WILLIAMS,LVA,LVA vs. PHO,8/17/22,W,16,2,1,4,25,0,3,0,0,0,0,0,1,1,1,1,1,0,0,-2
JENNIE SIMMS,PHO,PHO @ LVA,8/17/22,L,16,2,1,6,16.7,0,3,0,0,0,0,0,1,1,1,0,0,1,2,-12
YVONNE TURNER,PHO,PHO @ LVA,8/17/22,L,13,0,0,2,0,0,0,0,0,0,0,0,1,1,2,0,0,0,0,-9
KIERSTAN BELL,LVA,LVA vs. PHO,8/17/22,W,1,0,0,0,0,0,0,0,0,0,0,0,0,0,1,0,0,0,0,1
RESHANDA GRAY,PHO,PHO @ LVA,8/17/22,L,3,0,0,2,0,0,0,0,0,0,0,1,0,1,0,0,0,0,0,-1
SYDNEY COLSON,LVA,LVA vs. PHO,8/17/22,W,1,0,0,0,0,0,0,0,0,0,0,0,1,1,0,0,0,0,0,1
SAM THOMAS,PHO,PHO @ LVA,8/17/22,L,1,0,0,0,0,0,0,0,0,0,0,0,0,0,0,0,0,0,0,-1
THERESA PLAISANCE,LVA,LVA vs. PHO,8/17/22,W,1,0,0,0,0,0,0,0,0,0,0,0,0,0,0,0,0,0,1,1
AISHA SHEPPARD,LVA,LVA vs. PHO,8/17/22,W,1,0,0,1,0,0,1,0,0,0,0,0,0,0,0,0,0,0,0,1
KELSEY PLUM,LVA,LVA vs. PHO,8/17/22,W,35,22,6,13,46.2,2,7,28.6,8,8,100,1,4,5,4,1,0,2,3,14
CANDACE PARKER,CHI,CHI vs. NYL,8/17/22,L,30,17,6,13,46.2,1,3,33.3,4,4,100,3,7,10,5,1,1,2,2,-10
NATASHA HOWARD,NYL,NYL @ CHI,8/17/22,W,34,22,9,17,52.9,1,4,25,3,3,100,0,7,7,3,1,0,2,3,12
KAHLEAH COPPER,CHI,CHI vs. NYL,8/17/22,L,31,21,7,14,50,1,3,33.3,6,9,66.7,3,5,8,1,0,1,4,0,-10
BETNIJAH LANEY,NYL,NYL @ CHI,8/17/22,W,27,17,6,13,46.2,1,2,50,4,5,80,1,4,5,5,1,1,2,1,12
ALLIE QUIGLEY,CHI,CHI vs. NYL,8/17/22,L,31,18,7,14,50,2,7,28.6,2,3,66.7,0,5,5,2,1,1,1,1,-8
AZURÁ STEVENS,CHI,CHI vs. NYL,8/17/22,L,24,16,6,8,75,2,3,66.7,2,2,100,1,3,4,0,2,1,0,2,-4
STEFANIE DOLSON,NYL,NYL @ CHI,8/17/22,W,32,13,5,11,45.5,3,4,75,0,0,0,3,4,7,3,0,1,1,3,10
COURTNEY VANDERSLOOT,CHI,CHI vs. NYL,8/17/22,L,31,13,6,13,46.2,1,4,25,0,1,0,0,3,3,10,0,0,1,3,-8
MARINE JOHANNES,NYL,NYL @ CHI,8/17/22,W,27,8,3,5,60,1,3,33.3,1,1,100,0,2,2,7,2,0,1,2,3
EMMA MEESSEMAN,CHI,CHI vs. NYL,8/17/22,L,26,4,2,7,28.6,0,3,0,0,0,0,1,3,4,0,0,2,1,0,0
SAMI WHITCOMB,NYL,NYL @ CHI,8/17/22,W,12,3,1,2,50,1,2,50,0,0,0,0,0,0,1,2,0,0,0,-9
REBECCA ALLEN,NYL,NYL @ CHI,8/17/22,W,11,4,2,5,40,0,1,0,0,0,0,1,0,1,1,0,1,0,2,-1
HAN XU,NYL,NYL @ CHI,8/17/22,W,5,4,1,4,25,0,0,0,2,2,100,0,2,2,1,0,0,0,1,-2
REBEKAH GARDNER,CHI,CHI vs. NYL,8/17/22,L,17,2,0,1,0,0,0,0,2,3,66.7,0,3,3,2,0,0,0,3,4
CRYSTAL DANGERFIELD,NYL,NYL @ CHI,8/17/22,W,11,3,1,4,25,1,2,50,0,0,0,0,1,1,1,0,0,1,1,7
MICHAELA ONYENWERE,NYL,NYL @ CHI,8/17/22,W,4,2,1,2,50,0,1,0,0,0,0,1,1,2,0,0,0,0,0,-3
JULIE ALLEMAND,CHI,CHI vs. NYL,8/17/22,L,9,0,0,2,0,0,2,0,0,0,0,0,0,0,1,0,0,1,1,1
SABRINA IONESCU,NYL,NYL @ CHI,8/17/22,W,36,22,8,12,66.7,3,6,50,3,3,100,0,7,7,6,2,0,1,5,6
CHELSEA GRAY,LVA,LVA vs. PHO,8/17/22,W,30,17,6,9,66.7,3,5,60,2,2,100,0,4,4,4,1,0,3,2,14
KIAH STOKES,LVA,LVA vs. PHO,8/17/22,W,31,8,3,6,50,0,1,0,2,2,100,3,10,13,1,1,3,0,3,12